{
    "NameTable": {
        "std": [
            "std",
            "reYIK",
            "module",
            1
        ],
        "updownCounter_tb": [
            "updownCounter_tb",
            "hxyZB",
            "module",
            4
        ],
        "...MASTER...": [
            "SIM",
            "amcQw",
            "module",
            3
        ]
    },
    "cycles_program_begin": 3711963297472440,
    "perf": [
        [
            0.15711188316345215,
            0.047912999999999997,
            0.024466000000000002,
            259324,
            259972,
            1549519700.186862,
            3711963780848528,
            "doParsingAndDesignResolution",
            "entry"
        ],
        [
            0.17136192321777344,
            0.054328000000000001,
            0.027800999999999999,
            259576,
            260224,
            1549519700.201112,
            3711963830414676,
            "doParsingAndDesignResolution",
            "exit"
        ],
        [
            0.18472981452941895,
            0.055161000000000002,
            0.028101000000000001,
            259740,
            260224,
            1549519700.2144799,
            3711963877272074,
            "doPostDesignResolutionToVir2Vcs",
            "entry"
        ],
        [
            0.22389078140258789,
            0.059575000000000003,
            0.03449,
            264916,
            264920,
            1549519700.2536409,
            3711964014746008,
            "doUptoVir2VcsNoSepCleanup",
            "entry"
        ],
        [
            0.5920720100402832,
            0.097048999999999996,
            0.054038999999999997,
            274892,
            274932,
            1549519700.6218221,
            3711965304892066,
            "doUptoVir2VcsNoSepCleanup",
            "exit"
        ],
        [
            0.59229087829589844,
            0.097189999999999999,
            0.054116999999999998,
            274892,
            274932,
            1549519700.622041,
            3711965305540970,
            "doRadify_vir2vcsAll",
            "entry"
        ],
        [
            0.61925387382507324,
            0.106154,
            0.056326000000000001,
            274892,
            274932,
            1549519700.649004,
            3711965400107404,
            "doRadify_vir2vcsAll",
            "exit"
        ],
        [
            0.61938381195068359,
            0.10624,
            0.056371999999999998,
            274892,
            274932,
            1549519700.6491339,
            3711965400464050,
            "doPostDesignResolutionToVir2Vcs",
            "exit"
        ],
        [
            0.61948800086975098,
            0.106308,
            0.056408,
            274892,
            274932,
            1549519700.6492381,
            3711965400807650,
            "doGAToPass2",
            "entry"
        ],
        [
            0.69640684127807617,
            0.109927,
            0.05885,
            273336,
            274932,
            1549519700.7261569,
            3711965670404618,
            "DoPass2",
            "entry"
        ],
        [
            0.89364886283874512,
            0.14666599999999999,
            0.083502999999999994,
            275344,
            275380,
            1549519700.923399,
            3711966361635194,
            "DoPass2",
            "exit"
        ]
    ],
    "MlibObjs": {},
    "PrevCompiledModules": {
        "std": {
            "reYIK_d": {
                "bytes": 39966,
                "mod": "std",
                "archive": "archive.20/_prev_archive_1.a",
                "mode": 4,
                "checksum": 0,
                "out": "reYIK_d.o"
            }
        },
        "updownCounter_tb": {
            "hxyZB_d": {
                "bytes": 19312,
                "mod": "updownCounter_tb",
                "out": "hxyZB_d.o",
                "archive": "archive.20/_9761_archive_1.a",
                "mode": 4,
                "checksum": 0
            }
        },
        "...MASTER...": {
            "amcQw_d": {
                "bytes": 7700,
                "mod": "...MASTER...",
                "mode": 4,
                "checksum": 0,
                "out": "objs/amcQw_d.o"
            }
        }
    },
    "stat": {
        "ru_self_cgstart": {
            "ru_minflt": 23358,
            "ru_utime_sec": 0.110039,
            "ru_nivcsw": 39,
            "ru_maxrss_kb": 76204,
            "ru_stime_sec": 0.058909999999999997,
            "ru_majflt": 0,
            "ru_nvcsw": 273
        },
        "cpu_cycles_cgstart": 3711965670689748,
        "ru_childs_cgstart": {
            "ru_minflt": 6321,
            "ru_utime_sec": 0.011981,
            "ru_nivcsw": 6,
            "ru_maxrss_kb": 27244,
            "ru_stime_sec": 0.015584000000000001,
            "ru_majflt": 0,
            "ru_nvcsw": 17
        },
        "nMops": 1275,
        "realTime": 0.93854379653930664,
        "nQuads": 615,
        "Frontend(%)": 71.591175780333245,
        "mop/quad": 2.0731707317073171,
        "outputSizePerQuad": 194.81626016260162,
        "ru_self_end": {
            "ru_minflt": 26043,
            "ru_utime_sec": 0.15242600000000001,
            "ru_nivcsw": 49,
            "ru_maxrss_kb": 83260,
            "ru_stime_sec": 0.087538000000000005,
            "ru_majflt": 0,
            "ru_nvcsw": 369
        },
        "totalObjSize": 119812,
        "cpu_cycles_end": 3711966518011574,
        "ru_childs_end": {
            "ru_minflt": 6913,
            "ru_utime_sec": 0.018013999999999999,
            "ru_nivcsw": 8,
            "ru_maxrss_kb": 27620,
            "ru_stime_sec": 0.017595,
            "ru_majflt": 0,
            "ru_nvcsw": 22
        },
        "peak_mem_kb": 275380,
        "cpu_cycles_total": 3220539134,
        "mopSpeed": 26332.094175960345,
        "quadSpeed": 12701.363073110284,
        "CodeGen(%)": 28.408824219666748
    },
    "CurCompileUdps": {},
    "cpu_cycles_pass2_start": 3711965670469872,
    "CompileStrategy": "fullobj",
    "SIMBData": {
        "out": "amcQwB.o",
        "bytes": 100196,
        "archive": "archive.20/_9761_archive_1.a",
        "text": 0
    },
    "incremental": "on",
    "CompileProcesses": [
        "cgproc.9761.json"
    ],
    "CurCompileModules": [
        "...MASTER...",
        "std",
        "updownCounter_tb",
        "updownCounter_tb"
    ],
    "LVLData": [
        "SIM"
    ],
    "PEModules": [],
    "Misc": {
        "daidir": "simv.daidir",
        "vcs_version": "N-2017.12-SP2-2_Full64",
        "csrc": "csrc",
        "vcs_build_date": "Build Date = Aug 15 2018 23:36:09",
        "cwd": "/home/users8/cz584688/ece527/lab1",
        "VCS_HOME": "/opt/synopsys/vcs-mx/N-2017.12-SP2-2",
        "csrc_abs": "/home/users8/cz584688/ece527/lab1/csrc",
        "archive_dir": "archive.20",
        "master_pid": 9761,
        "default_output_dir": "csrc",
        "daidir_abs": "/home/users8/cz584688/ece527/lab1/simv.daidir"
    },
    "rlimit": {
        "data": -1,
        "stack": -1
    },
    "CompileStatus": "Successful"
}