{
    "cycles_program_begin": 3712329537617424,
    "LVLData": [
        "SIM"
    ],
    "perf": [
        [
            0.15130209922790527,
            0.035124000000000002,
            0.031748999999999999,
            259324,
            259972,
            1549519804.7034841,
            3712330006825996,
            "doParsingAndDesignResolution",
            "entry"
        ],
        [
            0.17273402214050293,
            0.048769,
            0.034952999999999998,
            259576,
            260224,
            1549519804.724916,
            3712330081904408,
            "doParsingAndDesignResolution",
            "exit"
        ],
        [
            0.18719792366027832,
            0.050608,
            0.035425999999999999,
            259740,
            260224,
            1549519804.7393799,
            3712330132594392,
            "doPostDesignResolutionToVir2Vcs",
            "entry"
        ],
        [
            0.22676396369934082,
            0.055655000000000003,
            0.042256000000000002,
            264916,
            264920,
            1549519804.7789459,
            3712330271186328,
            "doUptoVir2VcsNoSepCleanup",
            "entry"
        ],
        [
            0.59167909622192383,
            0.084887000000000004,
            0.067707000000000003,
            274892,
            274932,
            1549519805.1438611,
            3712331549905654,
            "doUptoVir2VcsNoSepCleanup",
            "exit"
        ],
        [
            0.59189796447753906,
            0.085009000000000001,
            0.067805000000000004,
            274892,
            274932,
            1549519805.1440799,
            3712331550550142,
            "doRadify_vir2vcsAll",
            "entry"
        ],
        [
            0.61882495880126953,
            0.093973000000000001,
            0.069980000000000001,
            274892,
            274932,
            1549519805.1710069,
            3712331644993386,
            "doRadify_vir2vcsAll",
            "exit"
        ],
        [
            0.61895608901977539,
            0.094048999999999994,
            0.070036000000000001,
            274892,
            274932,
            1549519805.171138,
            3712331645352376,
            "doPostDesignResolutionToVir2Vcs",
            "exit"
        ],
        [
            0.61906099319458008,
            0.094108999999999998,
            0.070081000000000004,
            274892,
            274932,
            1549519805.171243,
            3712331645694608,
            "doGAToPass2",
            "entry"
        ],
        [
            0.69720315933227539,
            0.096088999999999994,
            0.076665999999999998,
            273336,
            274932,
            1549519805.2493851,
            3712331919690666,
            "DoPass2",
            "entry"
        ],
        [
            0.89516711235046387,
            0.133571,
            0.100943,
            275344,
            275380,
            1549519805.4473491,
            3712332613359418,
            "DoPass2",
            "exit"
        ]
    ],
    "stat": {
        "nQuads": 617,
        "ru_childs_end": {
            "ru_utime_sec": 0.012997999999999999,
            "ru_stime_sec": 0.022157,
            "ru_maxrss_kb": 27620,
            "ru_nvcsw": 22,
            "ru_minflt": 6913,
            "ru_majflt": 0,
            "ru_nivcsw": 8
        },
        "ru_self_cgstart": {
            "ru_utime_sec": 0.096088999999999994,
            "ru_stime_sec": 0.076880000000000004,
            "ru_maxrss_kb": 76204,
            "ru_nvcsw": 272,
            "ru_minflt": 23626,
            "ru_majflt": 0,
            "ru_nivcsw": 39
        },
        "mop/quad": 2.0713128038897892,
        "CodeGen(%)": 31.1060072740522,
        "quadSpeed": 12905.519881193917,
        "cpu_cycles_cgstart": 3712331920022524,
        "cpu_cycles_total": 3243288828,
        "ru_childs_cgstart": {
            "ru_utime_sec": 0.0097990000000000004,
            "ru_stime_sec": 0.016825,
            "ru_maxrss_kb": 27244,
            "ru_nvcsw": 17,
            "ru_minflt": 6321,
            "ru_majflt": 0,
            "ru_nivcsw": 6
        },
        "nMops": 1278,
        "totalObjSize": 119944,
        "ru_self_end": {
            "ru_utime_sec": 0.14069899999999999,
            "ru_stime_sec": 0.103727,
            "ru_maxrss_kb": 83320,
            "ru_nvcsw": 368,
            "ru_minflt": 26327,
            "ru_majflt": 0,
            "ru_nivcsw": 50
        },
        "cpu_cycles_end": 3712332780906252,
        "Frontend(%)": 68.893992725947797,
        "mopSpeed": 26731.368570771192,
        "outputSizePerQuad": 194.39870340356563,
        "peak_mem_kb": 275380,
        "realTime": 0.94326400756835938
    },
    "MlibObjs": {},
    "PrevCompiledModules": {
        "updownCounter_tb": {
            "hxyZB_d": {
                "out": "hxyZB_d.o",
                "bytes": 19616,
                "archive": "archive.21/_10218_archive_1.a",
                "mod": "updownCounter_tb",
                "mode": 4,
                "checksum": 0
            }
        },
        "std": {
            "reYIK_d": {
                "out": "reYIK_d.o",
                "bytes": 39966,
                "archive": "archive.21/_prev_archive_1.a",
                "mod": "std",
                "mode": 4,
                "checksum": 0
            }
        },
        "...MASTER...": {
            "amcQw_d": {
                "out": "objs/amcQw_d.o",
                "bytes": 7700,
                "mod": "...MASTER...",
                "mode": 4,
                "checksum": 0
            }
        }
    },
    "NameTable": {
        "updownCounter_tb": [
            "updownCounter_tb",
            "hxyZB",
            "module",
            4
        ],
        "std": [
            "std",
            "reYIK",
            "module",
            1
        ],
        "...MASTER...": [
            "SIM",
            "amcQw",
            "module",
            3
        ]
    },
    "CompileStrategy": "fullobj",
    "cpu_cycles_pass2_start": 3712331919755652,
    "CurCompileUdps": {},
    "incremental": "on",
    "SIMBData": {
        "bytes": 100214,
        "out": "amcQwB.o",
        "text": 0,
        "archive": "archive.21/_10218_archive_1.a"
    },
    "Misc": {
        "vcs_version": "N-2017.12-SP2-2_Full64",
        "master_pid": 10218,
        "csrc_abs": "/home/users8/cz584688/ece527/lab1/csrc",
        "vcs_build_date": "Build Date = Aug 15 2018 23:36:09",
        "daidir": "simv.daidir",
        "daidir_abs": "/home/users8/cz584688/ece527/lab1/simv.daidir",
        "VCS_HOME": "/opt/synopsys/vcs-mx/N-2017.12-SP2-2",
        "cwd": "/home/users8/cz584688/ece527/lab1",
        "archive_dir": "archive.21",
        "csrc": "csrc",
        "default_output_dir": "csrc"
    },
    "PEModules": [],
    "CurCompileModules": [
        "...MASTER...",
        "std",
        "updownCounter_tb",
        "updownCounter_tb"
    ],
    "CompileProcesses": [
        "cgproc.10218.json"
    ],
    "rlimit": {
        "data": -1,
        "stack": -1
    },
    "CompileStatus": "Successful"
}